1;Adéla
2;Adriana
3;Agáta
4;Albína
5;Alena
6;Alexandra
7;Alice
8;Alina
9;Aloisie
10;Albìta
11;Amálie
12;Anastázie
13;Andìla
14;Andrea
15;Aneta
16;Aneka
17;Anita
18;Anna
19;Antonie
20;Apolena
21;Aurora
22;Barbora
23;Beáta
24;Bedøiška
25;Bìla
26;Berta
27;Blahoslava
28;Blanka
29;Blaena
30;Bohdana
31;Bohumila
32;Bohumíra
33;Bohuslava
34;Boena
35;Brigita
36;Bronislava
37;Cecílie
38;Dagmar
39;Dana
40;Daniela
41;Danuše
42;Darina
43;Darja
44;Denisa
45;Diana
46;Dita
47;Dobromila
48;Dobroslava
49;Dominika
50;Dora
51;Dorota
52;Doubravka
53;Drahomíra
54;Drahoslava
55;Drahuše
56;Edita
57;Elena
58;Eleonora
59;Eliška
60;Ema
61;Emilie
62;Emílie
63;Erika
64;Erna
65;Ester
66;Eva
67;Evelína
68;Evenie
69;Františka
70;Gabriela
71;Galina
72;Gertruda
73;Gita
74;Gizela
75;Hana
76;Háta
77;Hedvika
78;Helena
79;Helga
80;Hermína
81;Herta
82;Ida
83;Ilja
84;Ilona
85;Ingrid
86;Irena
87;Irma
88;Iva
89;Ivana
90;Iveta
91;Ivona
92;Izabela
93;Jana
94;Jarmila
95;Jaromíra
96;Jaroslava
97;Jelena
98;Jindøiška
99;Jiøina
100;Jitka
101;Johana
102;Jolana
103;Josefa
104;Judita
105;Juliana
106;Juliána
107;Julie
108;Justina
109;Justına
110;Kamila
111;Karina
112;Karla
113;Karolina
114;Karolína
115;Kateøina
116;Kazi
117;Klára
118;Klaudie
119;Kordula
120;Kosma
121;Krasava
122;Kristina
123;Kristına
124;Kvìta
125;Kvìtoslava
126;Kvìtuše
127;Lada
128;Ladislava
129;Laura
130;Lea
131;Lenka
132;Leona
133;Libìna
134;Libuše
135;Lidmila
136;Liliana
137;Linda
138;Ljuba
139;Lubomíra
140;Lucie
141;Ludmila
142;Lydie
143;Lıdie
144;Magda
145;Magdalena
146;Magdaléna
147;Mahulena
148;Marcela
149;Margita
150;Mariana
151;Marie
152;Marika
153;Marina
154;Marketa
155;Markéta
156;Marta
157;Martina
158;Matylda
159;Michaela
160;Michala
161;Milada
162;Milana
163;Milena
164;Miloslava
165;Milota
166;Miluše
167;Miriam
168;Mirka
169;Miroslava
170;Monika
171;Naïa
172;Nadìda
173;Natálie
174;Nataša
175;Nela
176;Nikita
177;Nikola
178;Nina
179;Nora
180;Oldøiška
181;Olga
182;Otılie
183;Patricie
184;Pavla
185;Pavlína
186;Petra
187;Pøibyslava
188;Radana
189;Radka
190;Radmila
191;Radomíra
192;Radoslava
193;Regina
194;Regína
195;Renáta
196;René
197;Romana
198;Rostislava
199;Rozálie
200;Rút
201;Rùena
202;Sabina
203;Sandra
204;Sára
205;Saskie
206;Sáva
207;Silvie
208;Simona
209;Slavìna
210;Slávka
211;Slavomíra
212;Sofie
213;Soòa
214;Stanislava
215;Stela
216;Svatava
217;Svatoslava
218;Svìtla
219;Svìtlana
220;Sylva
221;Šárka
222;Šarlota
223;Štìpánka
224;Tamara
225;Taána
226;Tekla
227;Tereza
228;Terezie
229;Václava
230;Valentına
231;Valérie
232;Vanda
233;Vanesa
234;Vìnceslava
235;Vendula
236;Venuše
237;Vìra
238;Veronika
239;Viktorie
240;Vilma
241;Viola
242;Vítìzslava
243;Vladìna
244;Vladimíra
245;Vladislava
246;Vlasta
247;Vlastimila
248;Vojslava
249;Voršila
250;Vratislava
251;Xenie
252;Zdeòka
253;Zdislava
254;Zina
255;Zita
256;Zlata
257;Zlatuše
258;Zoja
259;Zora
260;Zuzana
261;aneta
262;iva
263;ofie
