1;Nováková
2;Svobodová
3;Novotná
4;Dvoøáková
5;Èerná
6;Procházková
7;Kuèerová
8;Veselá
9;Horáková
10;Nìmcová
11;Marková
12;Pokorná
13;Pospíšilová
14;Hájková
15;Králová
16;Jelínková
17;Rùièková
18;Benešová
19;Fialová
20;Sedláèková
21;Dolealová
22;Zemanová
23;Koláøová
24;Navrátilová
25;Èermáková
26;Vaòková
27;Urbanová
28;Kratochvílová
29;Šimková
30;Blaková
31;Køíová
32;Kopecká
33;Kováøová
34;Bartošová
35;Vlèková
36;Poláková
37;Koneèná
38;Musilová
39;Èechová
40;Malá
41;Staòková
42;Štìpánková
43;Holubová
44;Šastná
45;Kadlecová
46;Dostálová
47;Soukupová
48;Marešová
49;Sıkorová
50;Valentová
51;Moravcová
52;Vávrová
53;Tichá
54;Matoušková
55;Bláhová
56;Øíhová
57;Machová
58;Mašková
59;Ševèíková
60;Burešová
61;Šmídová
62;Dušková
63;Krejèová
64;Pavlíková
65;Jandová
66;Hrušková
67;Havlíèková
68;Hrubá
69;Beranová
70;Lišková
71;Tomanová
72;Vacková
73;Bednáøová
74;áková
75;Vítková
76;Macháèková
77;Bártová
78;Tùmová
79;Jarošová
80;Janeèková
81;Sedláková
82;Kašparová
83;Müllerová
84;Stejskalová
85;Pešková
86;Fišerová
87;Švecová
88;Matìjková
89;Bílková
90;Slavíková
91;Jeková
92;Nìmeèková
93;Strnadová
94;Krausová
95;Beránková
96;Horáèková
97;Broová
98;Kubíèková
99;Horváthová
100;Petrová
